,Name,Price,Kms_driven,Fuel_type,Year,Company
0,Ford Figo Duratec,380000,35056, Petrol,2015,Ford
1,Maruti Suzuki Wagon,465000,44000, Petrol,2016,Maruti
2,Hyundai Creta 1.6,1350000,42917, Petrol,2018,Hyundai
3,Hyundai Venue -,1019699,16112, Petrol ,2019,Hyundai
4,Honda Jazz -,713499,30988, Petrol ,2017,Honda
5,Hyundai i20 -,391099,69163, Diesel ,2013,Hyundai
6,Maruti Suzuki Swift,474299,42859, Petrol ,2015,Maruti
7,Toyota Corolla Altis,1252999,34919, Petrol ,2017,Toyota
8,Honda Amaze -,393699,44940, Petrol,2013,Honda
9,Hyundai Elite i20,730899,13687, Petrol ,2017,Hyundai
10,Maruti Suzuki Alto,343099,29848, Petrol ,2018,Maruti
11,Honda Jazz -,707599,21426, Petrol ,2018,Honda
12,Maruti Suzuki Baleno,688899,68177, Diesel ,2016,Maruti
13,Jeep Compass -,1421599,70650, Diesel ,2017,Jeep
14,Maruti Suzuki Alto,399999,25730, Petrol ,2017,Maruti
15,Kia Seltos -,1473299,47096, Petrol ,2019,Kia
16,Toyota Innova 2.5,1025000,131000, Diesel,2012,Toyota
17,Hyundai Elite i20,735000,26000, Petrol,2016,Hyundai
18,Hyundai Creta 1.6,600000,58460, Diesel ,2019,Hyundai
19,Kia Seltos -,800000,48000, Petrol ,2020,Kia
20,Maruti Suzuki Ciaz,700000,26600, Petrol,2017,Maruti
21,Ford EcoSport Titanium,820000,36000, Petrol,2019,Ford
22,Tata Nano Twist,195000,39500, Petrol,2014,Tata
23,Audi Q7 3.0,1850000,76000, Diesel,2011,Audi
24,Ford Ecosport -,807499,23698, Petrol ,2017,Ford
25,Hyundai Grand i10,522999,37860, Petrol ,2016,Hyundai
26,Maruti Suzuki Swift,474299,91830, Petrol ,2015,Maruti
27,Hyundai Elite i20,740899,31172, Petrol ,2019,Hyundai
28,Toyota Yaris -,1141999,3243, Petrol ,2021,Toyota
29,Tata Nexon -,971299,9616, Petrol ,2020,Tata
30,Maruti Suzuki Baleno,640999,30249, Petrol ,2017,Maruti
31,Maruti Suzuki Baleno,676199,60875, Petrol ,2019,Maruti
32,Maruti Suzuki Swift,562399,25740, Petrol ,2017,Maruti
33,Ford Ecosport 1.0,580899,38587, Petrol ,2014,Ford
34,Renault Triber -,770999,3108, Petrol ,2021,Renault
35,Honda Amaze -,531399,35353, Petrol ,2016,Honda
36,Hyundai EON Magna,367299,34748, Petrol ,2017,Hyundai
37,Maruti Suzuki Alto,412199,2359, Petrol ,2020,Maruti
38,Hyundai Creta S,1460099,17814, Diesel ,2020,Hyundai
39,Maruti Suzuki Baleno,618699,68934, Petrol ,2018,Maruti
40,Hyundai i20 Asta,485000,72600, Petrol ,2014,Hyundai
41,BMW 3 Series,890000,81000, Diesel,2010,BMW
42,Nissan Micra XV,245000,80000, Diesel ,2012,Nissan
43,Toyota Glanza V,945000,12000, Petrol,2020,Toyota
44,Maruti Suzuki Swift,590000,6000, Petrol,2016,Maruti
45,Honda Brio S,495000,56000, Petrol,2017,Honda
46,Maruti Suzuki Wagon,475000,56000, Petrol,2017,Maruti
47,MG Motors Hector,1200000,36000, Diesel ,2020,MG
48,Maruti Suzuki Wagon,490199,15840, Petrol ,2017,Maruti
49,Maruti Suzuki Baleno,618699,68934, Petrol ,2018,Maruti
50,Maruti Suzuki Vitara,920999,32482, Diesel ,2017,Maruti
51,Honda City -,554399,113779, Diesel ,2014,Honda
52,Maruti Suzuki Wagon,408999,26150, Petrol ,2017,Maruti
53,Mahindra XUV 500,1248299,34555, Diesel ,2018,Mahindra
54,Maruti Suzuki Baleno,636099,30880, Petrol ,2018,Maruti
55,Hyundai i20 Asta,452699,70423, Petrol ,2013,Hyundai
56,Hyundai Elite i20,704399,30232, Diesel ,2018,Hyundai
57,Volkswagen Polo -,553599,50077, Petrol ,2016,Volkswagen
58,Ford Ecosport -,999599,18482, Diesel ,2018,Ford
59,Maruti Suzuki Baleno,684699,10246, Petrol ,2018,Maruti
60,Maruti Suzuki Baleno,620399,25021, Petrol ,2016,Maruti
61,Hyundai Elite i20,549899,70646, Petrol ,2014,Hyundai
62,Maruti Suzuki Vitara,812899,45490, Diesel ,2018,Maruti
63,Ford Ecosport -,656699,53306, Diesel ,2016,Ford
64,Hyundai Creta 1.6,725000,58460, Diesel ,2019,Hyundai
65,Hyundai Venue -,600000,29000, Diesel ,2019,Hyundai
66,Volvo XC90 D5,3700000,110000, Diesel,2016,Volvo
67,Mahindra XUV 500,735000,95000, Diesel,2013,Mahindra
68,Toyota Fortuner 3.0,1350000,170000, Diesel,2012,Toyota
69,Honda Jazz VX,365000,80000, Petrol,2013,Honda
70,Hyundai i10 Asta,280000,58000, Petrol,2011,Hyundai
71,Tata Nexon XM,840000,22000, Diesel,2019,Tata
72,Hyundai Creta 1.6,818599,69215, Petrol ,2017,Hyundai
73,Hyundai Verna 1.6,862399,33340, Petrol ,2018,Hyundai
74,Renault Triber -,673599,9783, Petrol ,2019,Renault
75,Hyundai Santro Sportz,528899,15110, Petrol ,2018,Hyundai
76,Maruti Suzuki S,527999,3399, Petrol ,2021,Maruti
77,Mahindra XUV 500,791699,89310, Diesel ,2013,Mahindra
78,Maruti Suzuki Wagon,392999,53148, Petrol ,2015,Maruti
79,Honda City VX,690199,42020, Petrol ,2015,Honda
80,Maruti Suzuki Swift,474699,74594, Diesel ,2013,Maruti
81,MG Motors Hector,2019899,6110, Petrol ,2021,MG
82,Hyundai Grand i10,562299,24346, Petrol ,2017,Hyundai
83,Jeep Compass -,1400999,65668, Diesel ,2017,Jeep
84,Renault Kwid -,447599,48644, Petrol ,2018,Renault
85,Toyota Innova Crysta,1814599,36877, Diesel ,2018,Toyota
86,Tata Nexon -,920399,79673, Diesel ,2018,Tata
87,Maruti Suzuki Swift,447599,54352, Petrol ,2014,Maruti
88,Tata Zest XMS,390000,64000, Diesel,2016,Tata
89,Ford Freestyle TITANIUM,650000,54000, Diesel,2018,Ford
90,Maruti Suzuki Swift,575000,40000, Petrol,2017,Maruti
91,Mahindra Xylo -,525000,107000, Diesel ,2015,Mahindra
92,Mahindra Xylo -,525000,107000, Diesel ,2015,Mahindra
93,BMW 5 Series,1000000,38000, Diesel,2011,BMW
94,Hyundai i20 Magna,325000,86000, Petrol,2010,Hyundai
95,Jeep Compass Limited,3000000,10000, Diesel,2021,Jeep
96,Maruti Suzuki Alto,343299,48658, Petrol ,2017,Maruti
97,MG Motors Hector,1711499,11998, Petrol ,2020,MG
98,Maruti Suzuki Vitara,918799,32513, Diesel ,2018,Maruti
99,Hyundai Grand i10,526399,21372, Petrol ,2016,Hyundai
100,Volkswagen Vento -,881099,34178, Petrol ,2017,Volkswagen
101,Kia Seltos -,1764199,20547, Petrol ,2019,Kia
102,Maruti Suzuki Baleno,639199,34731, Petrol ,2016,Maruti
103,Hyundai Grand i10,522999,30536, Petrol ,2016,Hyundai
104,MG Motors Hector,1917599,10205, Diesel ,2019,MG
105,Maruti Suzuki Wagon,466599,25483, Petrol ,2017,Maruti
106,Toyota Corolla Altis,1397699,39113, Petrol ,2017,Toyota
107,Maruti Suzuki Ignis,504399,43152, Petrol ,2017,Maruti
108,MG Motors Hector,1920399,5325, Petrol ,2020,MG
109,Ford Ecosport -,917599,44705, Petrol ,2018,Ford
110,Toyota Etios -,319099,70022, Petrol ,2011,Toyota
111,Maruti Suzuki Celerio,484399,47435, Petrol ,2017,Maruti
112,Volkswagen Polo HIGHLINE1.2L,290000,89000, Petrol,2010,Volkswagen
113,Mahindra Thar DI,1790000,9826, Petrol,2021,Mahindra
114,Ford EcoSport Trend,650000,83000, Diesel,2017,Ford
115,Honda City 1.5,73000,195000, Petrol ,2001,Honda
116,Toyota Innova Crysta,2200000,35000, Diesel,2019,Toyota
117,Hyundai Verna 1.6,1550000,13000, Petrol ,2022,Hyundai
118,Mahindra e2o T2,420000,46000, Electric ,2016,Mahindra
119,Toyota Fortuner 4x4,1595000,72000, Diesel ,2015,Toyota
120,Hyundai Xcent -,573499,29026, Petrol ,2016,Hyundai
121,Hyundai Creta 1.6,879199,59258, Petrol ,2015,Hyundai
122,Mahindra XUV 500,733399,120399, Diesel ,2014,Mahindra
123,Maruti Suzuki Vitara,967599,28853, Diesel ,2018,Maruti
124,Honda City -,1539299,9811, Petrol ,2020,Honda
125,Hyundai i20 Active,561499,43538, Petrol ,2015,Hyundai
126,Hyundai Creta -,1042699,66400, Petrol ,2017,Hyundai
127,Maruti Suzuki S,1032099,59341, Diesel ,2017,Maruti
128,Hyundai Creta -,903499,56246, Petrol ,2016,Hyundai
129,Honda Amaze -,472499,35944, Petrol ,2014,Honda
130,Honda WR V,771299,17699, Petrol ,2018,Honda
131,Maruti Suzuki Wagon,447099,41065, Petrol ,2017,Maruti
132,Renault Kwid -,504599,2311, Petrol ,2019,Renault
133,Hyundai Grand i10,620999,2991, Petrol ,2018,Hyundai
134,Hyundai Grand i10,433999,29762, Petrol ,2015,Hyundai
135,Skoda Rapid -,627499,91917, Diesel ,2016,Skoda
136,Maruti Suzuki Swift,360000,0, Diesel,2014,Maruti
137,Toyota Fortuner 3.0,1375000,131000, Diesel,2012,Toyota
138,Maruti Suzuki 800,69000,85000, Petrol,2000,Maruti
139,Tata Nano -,89000,37000, Petrol,2011,Tata
140,Tata Indica -,89000,67000, Diesel,2011,Tata
141,Audi Q7 3.0,2200000,120000, Diesel,2013,Audi
142,Jaguar XJ L,4425000,71000, Diesel,2016,Jaguar
143,Mercedes Benz GL,4450000,105000, Diesel,2016,Mercedes
144,Renault Kwid -,504599,2311, Petrol ,2019,Renault
145,Maruti Suzuki Dzire,704199,30771, Petrol ,2018,Maruti
146,Hyundai Santro Sportz,513099,29488, Petrol ,2018,Hyundai
147,Renault Kwid -,469399,36559, Petrol ,2019,Renault
148,Honda WR V,844199,38242, Diesel ,2018,Honda
149,Maruti Suzuki Ignis,544799,66426, Petrol ,2017,Maruti
150,Volkswagen Polo -,710899,16950, Petrol ,2018,Volkswagen
151,Maruti Suzuki Baleno,580599,18866, Petrol ,2016,Maruti
152,Maruti Suzuki Swift,638499,53245, Diesel ,2017,Maruti
153,Hyundai Verna -,654699,44543, Petrol ,2016,Hyundai
154,Maruti Suzuki S,894199,50128, Diesel ,2018,Maruti
155,Maruti Suzuki S,858599,56349, Diesel ,2018,Maruti
156,Maruti Suzuki S,992199,69524, Diesel ,2017,Maruti
157,Volkswagen Polo -,714999,41218, Petrol ,2017,Volkswagen
158,Maruti Suzuki Baleno,765599,9085, Petrol ,2020,Maruti
159,MG Motors Hector,1800299,11292, Diesel ,2019,MG
160,Mercedes Benz C,1190000,75000, Diesel ,2011,Mercedes
161,Hyundai Creta 1.6,1452000,28000, Diesel,2018,Hyundai
162,Skoda Rapid Style,1026000,48000, Diesel,2018,Skoda
163,Maruti Suzuki Ertiga,821000,51000, Diesel,2017,Maruti
164,Hyundai Grand i10,725000,24990, Petrol,2020,Hyundai
165,Maruti Suzuki Ertiga,600000,48600, Diesel ,2015,Maruti
166,Maruti Suzuki Alto,336000,3600, Petrol ,2019,Maruti
167,Tata Indigo eCS,200000,115000, Diesel,2012,Tata
168,Maruti Suzuki Dzire,680699,29594, Petrol ,2019,Maruti
169,Honda City VX,714899,55953, Petrol ,2015,Honda
170,Maruti Suzuki Alto,316799,16980, Petrol ,2016,Maruti
171,Ford Ecosport -,675099,41828, Diesel ,2016,Ford
172,Maruti Suzuki S,1057399,64803, Diesel ,2018,Maruti
173,Maruti Suzuki Ertiga,938099,44460, Diesel ,2018,Maruti
174,Tata Nexon -,1057699,14276, Diesel ,2018,Tata
175,Maruti Suzuki Wagon,610099,23425, Petrol ,2019,Maruti
176,Maruti Suzuki Alto,452199,23056, Petrol ,2018,Maruti
177,Hyundai Elite i20,712699,16102, Petrol ,2019,Hyundai
178,Maruti Suzuki Vitara,838699,56615, Diesel ,2019,Maruti
179,Mahindra TUV300 -,666899,70317, Diesel ,2015,Mahindra
180,MG Motors Hector,1681899,6760, Petrol ,2020,MG
181,MG Motors Hector,1854599,8870, Petrol ,2020,MG
182,Maruti Suzuki Baleno,571499,78209, Petrol ,2016,Maruti
183,Volkswagen Vento -,589199,64292, Petrol ,2015,Volkswagen
184,Toyota Innova Crysta,2350000,57000, Diesel,2020,Toyota
185,Toyota Fortuner -,3650000,42000, Diesel,2019,Toyota
186,Toyota Innova 2.5,445000,141000, Diesel,2011,Toyota
187,Ssangyong Rexton RX7,1231000,82000, Diesel,2017,Ssangyong
188,Toyota Fortuner 3.0,1231000,117000, Diesel ,2012,Toyota
189,Mahindra TUV300 T8,600000,70000, Diesel,2015,Mahindra
190,Hyundai i20 Magna,320000,89450, Diesel ,2011,Hyundai
191,Maruti Suzuki Ertiga,1175000,29000, Petrol,2020,Maruti
192,Maruti Suzuki Alto,351699,58771, Petrol ,2015,Maruti
193,Maruti Suzuki Alto,299199,53266, Petrol ,2016,Maruti
194,Honda Amaze -,657199,9200, Petrol ,2019,Honda
195,Ford Ecosport -,539299,61721, Petrol ,2014,Ford
196,Hyundai Grand i10,608399,18333, Petrol ,2017,Hyundai
197,Ford Ecosport -,1042799,51780, Petrol ,2019,Ford
198,Maruti Suzuki Baleno,645199,30854, Petrol ,2018,Maruti
199,Ford Ecosport -,811899,24680, Petrol ,2017,Ford
200,Volkswagen Vento -,557799,85663, Petrol ,2015,Volkswagen
201,Mahindra Bolero -,873999,20541, Diesel ,2021,Mahindra
202,Hyundai i20 Magna,278299,64182, Petrol ,2010,Hyundai
203,Maruti Suzuki S,986399,58819, Diesel ,2017,Maruti
204,Maruti Suzuki Wagon,610099,32057, Petrol ,2019,Maruti
205,Jeep Compass -,1749899,18403, Petrol ,2018,Jeep
206,Maruti Suzuki Alto,443899,7877, Petrol ,2018,Maruti
207,Hyundai Verna 1.6,936299,15509, Petrol ,2018,Hyundai
208,Honda Jazz VX,850000,15000, Petrol,2018,Honda
209,Maruti Suzuki Ignis,595000,75000, Diesel,2017,Maruti
210,Hyundai i10 Magna,175000,62000, Petrol,2008,Hyundai
211,Hyundai Creta 1.6,930000,134500, Diesel,2018,Hyundai
212,Toyota Fortuner 3.0,1500000,63896, Diesel,2012,Toyota
213,Mahindra Scorpio -,159000,90000, Diesel,2005,Mahindra
214,Maruti Suzuki Alto,69000,58000, Petrol,2007,Maruti
215,Ford Ikon -,69000,85000, Diesel,2008,Ford
216,Maruti Suzuki Baleno,580599,48329, Petrol ,2016,Maruti
217,Renault Kwid RXT,404499,21301, Petrol ,2019,Renault
218,Maruti Suzuki Vitara,838699,34566, Diesel ,2019,Maruti
219,Renault Kwid -,446499,34297, Petrol ,2018,Renault
220,Tata Hexa -,1047499,119571, Diesel ,2017,Tata
221,Maruti Suzuki Alto,345599,27957, Petrol ,2018,Maruti
222,Ford Ecosport -,784399,27210, Petrol ,2018,Ford
223,Maruti Suzuki Swift,489399,21610, Petrol ,2014,Maruti
224,Maruti Suzuki Baleno,627499,40902, Petrol ,2017,Maruti
225,Maruti Suzuki Alto,288399,11057, Petrol ,2015,Maruti
226,Maruti Suzuki Baleno,573999,72505, Petrol ,2016,Maruti
227,Hyundai Creta -,1373699,31338, Petrol ,2018,Hyundai
228,Maruti Suzuki Alto,279799,28674, Petrol ,2016,Maruti
229,Hyundai Elite i20,658199,25416, Petrol ,2018,Hyundai
230,Hyundai Grand i10,465499,14765, Petrol ,2016,Hyundai
231,Toyota Etios -,563999,60380, Diesel ,2015,Toyota
232,Hyundai Santro -,59000,85000, Petrol,2001,Hyundai
233,Hyundai Getz -,119000,73000, Petrol,2006,Hyundai
234,Hyundai Santro Xing,69000,85000, Petrol,2004,Hyundai
235,Hyundai Santro -,89000,85000, Petrol,2002,Hyundai
236,Ford Figo -,129000,86000, Diesel,2012,Ford
237,Toyota Fortuner 2.8,2931000,55000, Diesel,2019,Toyota
238,Mahindra Bolero ZLX,790000,79950, Diesel,2018,Mahindra
239,Fiat Linea Emotion,200000,75000, Diesel,2009,Fiat
240,Maruti Suzuki Baleno,718699,19775, Petrol ,2018,Maruti
241,Tata Tiago -,543399,28495, Petrol ,2018,Tata
242,Hyundai Creta -,1780399,28344, Diesel ,2020,Hyundai
243,Toyota Glanza -,757999,10801, Petrol ,2020,Toyota
244,Tata Nexon -,1013999,4365, Petrol ,2019,Tata
245,Maruti Suzuki Celerio,439999,53266, Diesel ,2016,Maruti
246,Maruti Suzuki S,839199,50866, Diesel ,2018,Maruti
247,Maruti Suzuki Alto,421799,24230, Petrol ,2019,Maruti
248,Maruti Suzuki Baleno,580599,64275, Petrol ,2016,Maruti
249,Hyundai Venue -,986799,8924, Petrol ,2019,Hyundai
250,MG Motors Hector,2057399,12208, Petrol ,2021,MG
251,Honda City V,1082299,26956, Petrol ,2018,Honda
252,Hyundai Grand i10,576999,12223, Petrol ,2017,Hyundai
253,Hyundai Grand i10,533199,23960, Petrol ,2016,Hyundai
254,Maruti Suzuki Wagon,473299,33687, Petrol ,2015,Maruti
255,MG Motors Hector,1838399,24887, Petrol ,2020,MG
256,Toyota Innova 2.5,800000,74000, Diesel ,2013,Toyota
257,Nissan Micra XE,199000,40000, Petrol,2011,Nissan
258,Hyundai Creta 1.6,1750000,45000, Diesel,2020,Hyundai
259,Maruti Suzuki Swift,595000,41000, Diesel,2018,Maruti
260,BMW 3 Series,1890000,61000, Diesel ,2015,BMW
261,Jaguar XF 2.2,2150000,20000, Diesel ,2014,Jaguar
262,Hyundai Verna Fluidic,699000,26000, Petrol ,2015,Hyundai
263,Hyundai Grand i10,451799,71423, Petrol ,2015,Hyundai
264,Hyundai Grand i10,446999,34095, Petrol ,2015,Hyundai
265,Maruti Suzuki Wagon,470799,32658, Petrol ,2016,Maruti
266,Maruti Suzuki Ignis,511799,33166, Petrol ,2017,Maruti
267,Maruti Suzuki Wagon,399899,31284, Petrol ,2014,Maruti
268,Maruti Suzuki Wagon,375999,66090, Petrol ,2015,Maruti
269,Ford Ecosport -,664799,51295, Petrol ,2016,Ford
270,Maruti Suzuki Baleno,617799,48693, Petrol ,2016,Maruti
271,Maruti Suzuki Ciaz,749299,36626, Diesel ,2017,Maruti
272,Renault Duster -,795799,55752, Diesel ,2016,Renault
273,Tata Tigor -,543499,49341, Diesel ,2017,Tata
274,Maruti Suzuki Alto,317199,60251, Petrol ,2015,Maruti
275,Maruti Suzuki Alto,373699,22269, Petrol ,2015,Maruti
276,Volkswagen Ameo -,501799,38999, Petrol ,2016,Volkswagen
277,Maruti Suzuki Vitara,838699,29110, Diesel ,2019,Maruti
278,Hyundai Creta -,1804399,14506, Petrol ,2020,Hyundai
279,Chevrolet Beat LT,175000,55000, Petrol,2010,Chevrolet
280,Tata Hexa XM,1200000,60000, Diesel,2018,Tata
281,Toyota Corolla H5,170000,80000, Petrol,2006,Toyota
282,Maruti Suzuki Maruti,65000,108252, Petrol,2005,Maruti
283,Maruti Suzuki Wagon,360000,36000, Petrol,2014,Maruti
284,Hyundai Xcent 1.2,299000,95000, Diesel ,2016,Hyundai
285,Ford Figo 1.5,176000,88000, Diesel ,2010,Ford
286,Maruti Suzuki Wagon,325000,60000, Petrol ,2014,Maruti
287,Hyundai Creta -,1804399,14506, Petrol ,2020,Hyundai
288,Maruti Suzuki S,985299,29115, Diesel ,2017,Maruti
289,Maruti Suzuki Baleno,642899,34763, Petrol ,2017,Maruti
290,Maruti Suzuki Ciaz,740000,12500, Diesel ,2015,Maruti
291,Maruti Suzuki Baleno,610000,85000, Petrol,2017,Maruti
292,Hyundai Grand i10,495000,40000, Petrol,2016,Hyundai
293,Hyundai Verna 1.6,510000,71000, Petrol,2014,Hyundai
294,Maruti Suzuki Baleno,560000,44000, Petrol,2017,Maruti
295,Toyota Innova 2.0,455000,124000, Diesel,2009,Toyota
296,Maruti Suzuki Wagon,350000,78000, CNG,2012,Maruti
297,Renault Kwid CLIMBER,463099,44696, Petrol ,2017,Renault
298,Maruti Suzuki Alto,350599,33004, Petrol ,2018,Maruti
299,Hyundai Verna Fluidic,636299,46034, Petrol ,2016,Hyundai
300,Hyundai Grand i10,698199,60307, Petrol ,2020,Hyundai
301,Hyundai Grand i10,764199,8825, Petrol ,2021,Hyundai
302,Maruti Suzuki Celerio,524799,5743, Petrol ,2019,Maruti
303,Ford EcoSport Ambiente,420000,87000, Diesel ,2013,Ford
304,Kia Seltos GTX,1831000,19500, Petrol,2020,Kia
305,Chevrolet Beat LS,210000,60000, Petrol,2010,Chevrolet
306,Volkswagen Vento Highline,465000,70000, Petrol,2013,Volkswagen
307,Audi Q7 35,2250000,65000, Diesel,2017,Audi
308,Maruti Suzuki Ertiga,1090000,35623, Petrol,2020,Maruti
309,Toyota Innova -,375000,160000, Petrol,2005,Toyota
310,Hyundai i20 Sportz,225000,98500, Petrol,2009,Hyundai
311,Maruti Suzuki Celerio,524799,5743, Petrol ,2019,Maruti
312,Maruti Suzuki Eeco,493899,25735, Petrol ,2019,Maruti
313,Hyundai Elite i20,825299,37522, Petrol ,2019,Hyundai
314,Maruti Suzuki Wagon,495499,38955, Petrol ,2018,Maruti
315,Hyundai Eon Era,277599,65308, Petrol ,2014,Hyundai
316,Maruti Suzuki Wagon,473899,30467, Petrol ,2017,Maruti
317,Hyundai Venue S,855299,1954, Petrol ,2019,Hyundai
318,Hyundai Santro 1.1,540299,35220, Petrol ,2019,Hyundai
319,Hyundai Elite i20,642899,75876, Petrol ,2016,Hyundai
320,Maruti Suzuki Alto,442299,27020, Petrol ,2021,Maruti
321,Renault Triber 1.0,725399,13739, Petrol ,2019,Renault
322,Maruti Suzuki Wagon,558299,21544, Petrol ,2019,Maruti
323,Maruti Suzuki Alto,354299,13816, Petrol ,2016,Maruti
324,Hyundai Elite i20,673599,23817, Petrol ,2016,Hyundai
325,Hyundai Grand i10,525099,60985, Petrol ,2017,Hyundai
326,Hyundai Verna SX,525000,80000, Diesel,2012,Hyundai
327,Volkswagen Polo Comfortline,675000,30123, Petrol,2018,Volkswagen
328,Renault Kwid RXT,325000,67000, Petrol,2016,Renault
329,Renault Triber RXT,645000,26123, Petrol,2020,Renault
330,Maruti Suzuki Ertiga,785000,60123, Petrol,2017,Maruti
331,Mahindra TUV300 T8,690000,52123, Diesel,2016,Mahindra
332,Maruti Suzuki Celerio,425000,11123, Petrol,2018,Maruti
333,Hyundai Elite i20,645000,41233, Petrol,2019,Hyundai
334,Maruti Suzuki Swift,529699,50141, Petrol ,2016,Maruti
335,Maruti Suzuki Ertiga,1081899,86033, Diesel,2018,Maruti
336,Fiat Linea Dynamic,256000,30000, Petrol ,2012,Fiat
337,Honda City ZX,290000,86924, Petrol,2008,Honda
338,Volkswagen Polo GT,735000,68870, Petrol,2016,Volkswagen
339,Maruti Suzuki XL6,1244799,22292, Petrol ,2019,Maruti
340,Honda Amaze -,474399,44013, Petrol ,2014,Honda
341,Maruti Suzuki Wagon,389399,96250, Petrol ,2016,Maruti
342,Maruti Suzuki Swift,562399,59839, Petrol ,2017,Maruti
343,Hyundai Grand i10,446699,49693, Petrol ,2015,Hyundai
344,Renault Kwid RXT,439999,22223, Petrol ,2017,Renault
345,Honda Amaze -,918999,8030, Petrol ,2021,Honda
346,Volkswagen Polo -,815799,38780, Petrol ,2016,Volkswagen
347,Maruti Suzuki Vitara,896799,31919, Diesel ,2018,Maruti
348,Hyundai i10 Sportz,411399,47564, Petrol ,2015,Hyundai
349,Hyundai Grand i10,498999,42836, Petrol ,2013,Hyundai
350,Renault Kwid RXT,470000,6000, Petrol,2020,Renault
351,Tata Indica -,69000,85000, Diesel,2007,Tata
352,Mahindra TUV300 T8,925000,27000, Diesel,2018,Mahindra
353,Mahindra Scorpio LX,495000,690000, Diesel,2013,Mahindra
354,Maruti Suzuki Ertiga,1090000,35000, Petrol,2020,Maruti
355,Toyota Etios Liva,300000,135000, Diesel,2013,Toyota
356,Tata Aria Prestige,450000,115000, Diesel,2012,Tata
357,Ford Figo -,357999,50488, Petrol ,2015,Ford
358,Maruti Suzuki Ignis,462599,12916, Petrol ,2018,Maruti
359,Hyundai Elite i20,695199,30731, Petrol ,2016,Hyundai
360,Maruti Suzuki Eeco,490399,8825, Petrol ,2019,Maruti
361,Renault Kwid RxL,340099,21627, Petrol ,2016,Renault
362,Maruti Suzuki Ertiga,997899,5580, Petrol ,2020,Maruti
363,Hyundai i10 Sportz,351599,41371, Petrol ,2013,Hyundai
364,Maruti Suzuki Swift,603799,42313, Petrol ,2016,Maruti
365,Hyundai Elite i20,599799,74913, Petrol ,2016,Hyundai
366,Maruti Suzuki Wagon,456099,74760, Petrol ,2018,Maruti
367,Ford Ecosport -,993699,34045, Diesel ,2019,Ford
368,Maruti Suzuki Ritz,312299,143147, Petrol ,2010,Maruti
369,Hyundai Venue -,1221799,28149, Petrol ,2019,Hyundai
370,Maruti Suzuki Swift,522999,38049, Petrol ,2015,Maruti
371,Hyundai EON Magna,323399,78895, Petrol ,2014,Hyundai
372,Hyundai Grand i10,510799,27027, Petrol ,2015,Hyundai
373,Mahindra XUV 500,750000,66000, Diesel,2013,Mahindra
374,Hyundai Getz GLS,155000,82000, Petrol,2005,Hyundai
375,Maruti Suzuki Swift,350000,57000, Petrol,2011,Maruti
376,Honda Amaze 1.5,410000,71000, Diesel,2014,Honda
377,Hyundai Eon Era,275000,47000, CNG,2014,Hyundai
378,Hyundai Grand i10,465000,37000, Petrol,2017,Hyundai
379,Maruti Suzuki Zen,145000,73000, Petrol,2007,Maruti
380,Hyundai Getz GLS,165000,82650, Petrol,2007,Hyundai
381,Maruti Suzuki Vitara,910799,23940, Petrol ,2020,Maruti
382,Renault Captur -,722899,26678, Petrol ,2018,Renault
383,Honda WR V,809499,41342, Diesel ,2018,Honda
384,Maruti Suzuki Alto,297399,59614, Petrol ,2013,Maruti
385,Maruti Suzuki Alto,411999,39550, Petrol ,2016,Maruti
386,Renault Triber -,623399,28621, Petrol ,2019,Renault
387,Honda Brio -,372399,60437, Petrol ,2013,Honda
388,Maruti Suzuki Wagon,518099,26598, Petrol ,2018,Maruti
389,Honda Amaze -,485599,62723, Petrol ,2015,Honda
390,Maruti Suzuki Baleno,636899,21145, Petrol ,2017,Maruti
391,Hyundai Grand i10,396999,48699, Petrol ,2013,Hyundai
392,Ford Ecosport -,980399,10102, Petrol ,2019,Ford
393,Maruti Suzuki Baleno,658999,34881, Petrol ,2017,Maruti
394,Hyundai EON D,304099,53997, Petrol ,2015,Hyundai
395,Maruti Suzuki Alto,362599,49076, Petrol ,2015,Maruti
396,Maruti Suzuki Alto,344199,65951, Petrol ,2014,Maruti
397,Maruti Suzuki Swift,215000,116000, Petrol,2007,Maruti
398,Skoda Rapid 1.5,550000,136000, Diesel ,2015,Skoda
399,Renault Duster 110PS,550000,85000, Diesel,2013,Renault
400,Hyundai Santro -,89000,85000, Petrol,2002,Hyundai
401,Maruti Suzuki Alto,79000,85000, Petrol,2001,Maruti
402,Chevrolet Aveo -,67000,63000, Petrol,2007,Chevrolet
403,Ford Ikon -,59000,73000, Petrol,2009,Ford
404,Maruti Suzuki Wagon,69000,85000, Petrol,2007,Maruti
405,Maruti Suzuki Alto,462399,15032, Petrol ,2017,Maruti
406,Maruti Suzuki Alto,319999,15575, Petrol ,2017,Maruti
407,Maruti Suzuki Swift,275699,147819, Diesel ,2010,Maruti
408,Hyundai Grand i10,501599,35203, Petrol ,2016,Hyundai
409,Maruti Suzuki Eeco,506599,7597, Petrol ,2020,Maruti
410,Mahindra Scorpio S5,1198599,34883, Diesel ,2018,Mahindra
411,Ford Ecosport -,775499,59580, Diesel ,2017,Ford
412,Maruti Suzuki Ritz,338999,49647, Petrol ,2011,Maruti
413,Hyundai Verna Fluidic,652699,67577, Petrol ,2016,Hyundai
414,Tata Tiago -,535899,10890, Petrol ,2017,Tata
415,Maruti Suzuki Swift,492099,57444, Petrol ,2015,Maruti
416,Honda City -,885999,33598, Petrol ,2017,Honda
417,Ford Freestyle -,694899,17804, Petrol ,2018,Ford
418,Maruti Suzuki Swift,450599,62613, Petrol ,2013,Maruti
419,Hyundai i20 Asta,377999,56974, Petrol ,2010,Hyundai
420,Datsun Redi GO,491499,1405, Petrol ,2021,Datsun
421,Maruti Suzuki Omni,89000,85000, Petrol,2008,Maruti
422,Hyundai Creta 1.6,1865000,8000, Petrol,2020,Hyundai
423,Datsun GO T,235000,29000, Petrol,2014,Datsun
424,Mahindra Bolero B6,1025000,22000, Diesel,2020,Mahindra
425,Volkswagen Polo GT,450000,118000, Petrol,2014,Volkswagen
426,Hyundai Creta 1.6,1575000,23000, Diesel,2020,Hyundai
427,Maruti Suzuki Swift,695000,34000, Diesel,2018,Maruti
428,Honda Civic 1.8V,295000,87000, Petrol,2008,Honda
429,Hyundai Verna -,1171199,36965, Petrol ,2018,Hyundai
430,Honda WR V,625699,25526, Petrol ,2017,Honda
431,Hyundai Grand i10,453199,20235, Petrol ,2016,Hyundai
432,Maruti Suzuki Vitara,850499,61064, Diesel ,2018,Maruti
433,Maruti Suzuki Ignis,548699,12558, Petrol ,2018,Maruti
434,Maruti Suzuki Alto,498799,14179, Petrol ,2019,Maruti
435,Honda City VX,1377199,20379, Petrol ,2020,Honda
436,Ford Ecosport -,772799,42837, Petrol ,2017,Ford
437,Hyundai Elite i20,572599,67473, Petrol ,2016,Hyundai
438,Honda City V,774899,27576, Petrol ,2016,Honda
439,Maruti Suzuki S,885099,80900, Diesel ,2017,Maruti
440,Hyundai Elite i20,687499,100934, Diesel ,2017,Hyundai
441,Hyundai Elite i20,567799,29060, Petrol ,2015,Hyundai
442,Hyundai i10 Magna,398499,36129, Petrol ,2016,Hyundai
443,Maruti Suzuki Swift,348499,156442, Diesel ,2011,Maruti
444,Maruti Suzuki Wagon,520899,48710, Petrol ,2018,Maruti
445,Ford Figo Diesel,225000,80000, Diesel,2012,Ford
446,Honda City SV,725000,57000, Petrol,2015,Honda
447,Honda CRV -,240000,97000, LPG,2004,Honda
448,Honda Amaze 1.2,425000,44000, Petrol,2013,Honda
449,Maruti Suzuki Swift,500000,57000, Petrol,2015,Maruti
450,Maruti Suzuki Swift,250000,77000, Petrol,2008,Maruti
451,Maruti Suzuki Ritz,360000,81000, Petrol,2013,Maruti
452,Hyundai Creta 1.6,975000,41000, Petrol,2016,Hyundai
453,Ford Ecosport -,916799,20619, Petrol ,2018,Ford
454,Maruti Suzuki Wagon,480999,51149, Petrol + CNG ,2018,Maruti
455,Tata Nexon -,1043299,12978, Petrol ,2020,Tata
456,Honda City V,787399,40025, Petrol ,2016,Honda
457,Hyundai Grand i10,501599,63075, Petrol ,2016,Hyundai
458,Honda Brio -,362999,78724, Petrol ,2012,Honda
459,Renault Kwid -,403199,12257, Petrol ,2018,Renault
460,Hyundai Venue -,1022599,26890, Diesel ,2019,Hyundai
461,Nissan Micra Active,483199,20485, Petrol ,2018,Nissan
462,Hyundai EON Era,321399,69220, Petrol ,2017,Hyundai
463,Maruti Suzuki Alto,307999,41900, Petrol ,2017,Maruti
464,Maruti Suzuki Eeco,478599,11944, Petrol ,2019,Maruti
465,Maruti Suzuki Wagon,405199,66143, Petrol ,2015,Maruti
466,Maruti Suzuki Alto,314999,16563, Petrol ,2018,Maruti
467,Hyundai Elite i20,684599,14460, Petrol ,2016,Hyundai
468,Maruti Suzuki Alto,413099,47120, Petrol ,2018,Maruti
469,Chevrolet Cruze LTZ,345000,115000, Diesel,2011,Chevrolet
470,Renault Scala RxZ,385000,79200, Diesel,2013,Renault
471,Hyundai Verna 1.6,690000,48877, Diesel,2016,Hyundai
472,Honda WRV VX,825000,32000, Petrol,2019,Honda
473,Toyota Corolla Altis,1425000,51000, Petrol,2018,Toyota
474,Maruti Suzuki Alto,295000,56000, Petrol,2014,Maruti
475,Tata Tiago Revotorq,700000,14000, Petrol,2022,Tata
476,Chevrolet Aveo -,69000,79000, Petrol,2006,Chevrolet
477,Maruti Suzuki Swift,501199,147960, Diesel ,2016,Maruti
478,Maruti Suzuki Wagon,357399,38766, Petrol ,2014,Maruti
479,Maruti Suzuki Eeco,494199,8409, Petrol ,2019,Maruti
480,Renault Kwid RxL,424099,20718, Petrol ,2019,Renault
481,Maruti Suzuki Baleno,598299,51125, Petrol ,2017,Maruti
482,Hyundai Grand i10,477599,64459, Petrol ,2014,Hyundai
483,Maruti Suzuki Swift,447599,29467, Petrol ,2014,Maruti
484,Tata Nexon -,703999,18019, Petrol ,2017,Tata
485,Maruti Suzuki Celerio,416099,40710, Petrol ,2016,Maruti
486,Maruti Suzuki S,559099,1956, Petrol ,2021,Maruti
487,Renault Kwid -,463099,44696, Petrol,2017,Renault
488,Hyundai Grand i10,527099,21531, Petrol ,2018,Hyundai
489,Kia Seltos -,1517999,20989, Petrol ,2019,Kia
490,Hyundai i20 -,431099,33901, Petrol ,2013,Hyundai
491,Hyundai Grand i10,539799,54696, Petrol ,2018,Hyundai
492,MG Motors Hector,1800299,11292, Diesel ,2019,MG
493,Renault Duster 110,1025000,14000, Diesel,2020,Renault
494,Mahindra Logan -,129000,97000, Diesel,2007,Mahindra
495,Tata Indigo CS,79000,85000, Diesel,2007,Tata
496,Ford EcoSport Trend,525000,50000, Diesel,2014,Ford
497,Honda Jazz VX,565000,53000, Petrol,2016,Honda
498,Maruti Suzuki Wagon,435000,27000, Petrol,2016,Maruti
499,Maruti Suzuki Wagon,425000,52000, Petrol,2016,Maruti
500,Honda City ZX,250000,149000, Petrol,2007,Honda
501,Hyundai Grand i10,616599,27317, Petrol ,2017,Hyundai
502,Hyundai Xcent -,466599,79784, Petrol ,2014,Hyundai
503,Audi Q3 -,1656999,73656, Diesel ,2015,Audi
504,Tata Tiago -,562999,27664, Petrol ,2018,Tata
505,Hyundai Verna FLUIDIC,488899,41898, Petrol ,2012,Hyundai
506,Maruti Suzuki S,514599,4889, Petrol ,2021,Maruti
507,Hyundai Grand i10,495299,39836, Petrol ,2015,Hyundai
508,Honda Jazz -,752399,16108, Petrol ,2016,Honda
509,Hyundai Grand i10,474799,46111, Petrol ,2015,Hyundai
510,Maruti Suzuki Ciaz,849599,23761, Petrol ,2018,Maruti
511,Maruti Suzuki S,663199,146782, Diesel ,2016,Maruti
512,Hyundai Grand i10,566699,26597, Petrol ,2016,Hyundai
513,Maruti Suzuki Eeco,471199,12323, Petrol ,2018,Maruti
514,Renault Kwid RXL,385499,3230, Petrol ,2017,Renault
515,Maruti Suzuki Swift,491599,62059, Petrol ,2016,Maruti
516,Maruti Suzuki Baleno,725699,28188, Petrol ,2019,Maruti
517,Maruti Suzuki Wagon,350000,55000, Petrol,2013,Maruti
518,Maruti Suzuki SX4,210000,79000, Petrol,2009,Maruti
519,Tata Tiago XZA,460000,55000, Petrol,2017,Tata
520,BMW 5 Series,990000,49000, Petrol ,2010,BMW
521,Tata Indica Vista,190000,56000, Petrol,2009,Tata
522,Maruti Suzuki Ertiga,625000,83000, Petrol,2014,Maruti
523,Maruti Suzuki Baleno,590000,39226, Petrol,2016,Maruti
524,Maruti Suzuki Swift,740000,33901, Petrol,2019,Maruti
525,Hyundai Grand i10,640099,32877, Petrol ,2019,Hyundai
526,Maruti Suzuki Ignis,575099,17283, Petrol ,2019,Maruti
527,Maruti Suzuki Ertiga,1081899,86033, Diesel ,2018,Maruti
528,Volkswagen Polo -,726399,17419, Petrol ,2018,Volkswagen
529,Maruti Suzuki Eeco,480399,24416, Petrol ,2019,Maruti
530,Renault Kwid RxL,369599,26700, Petrol ,2017,Renault
531,Maruti Suzuki Swift,451399,28979, Petrol ,2014,Maruti
532,Maruti Suzuki Eeco,494099,27150, Petrol ,2019,Maruti
533,Ford EcoSport -,1240899,3195, Petrol ,2020,Ford
534,Hyundai Eon Era,286199,26761, Petrol ,2013,Hyundai
535,Hyundai Grand i10,509399,71992, Petrol ,2017,Hyundai
536,Maruti Suzuki Alto,378099,27239, Petrol ,2016,Maruti
537,Honda Jazz -,586699,36244, Petrol ,2016,Honda
538,Maruti Suzuki Vitara,906899,69807, Diesel ,2019,Maruti
539,Maruti Suzuki Vitara,882199,31803, Diesel ,2019,Maruti
540,Honda Jazz -,507999,92373, Petrol ,2015,Honda
541,Toyota Etios GD,240000,200000, Diesel,2013,Toyota
542,Ford EcoSport Titanium,825000,46000, Diesel,2016,Ford
543,Toyota Innova 2.5,845000,179000, Diesel,2011,Toyota
544,Hyundai Grand i10,475000,59000, Petrol,2016,Hyundai
545,Hyundai Creta 1.6,1325000,72000, Diesel,2017,Hyundai
546,Hyundai Creta 1.6,1245000,56000, Diesel,2017,Hyundai
547,Mahindra XUV 500,975000,87000, Diesel,2014,Mahindra
548,Maruti Suzuki Vitara,782999,59612, Diesel ,2016,Maruti
549,Ford Ecosport -,623399,30212, Petrol ,2014,Ford
550,Maruti Suzuki Ignis,548699,18113, Petrol ,2018,Maruti
551,Maruti Suzuki Alto,397099,48435, Petrol ,2018,Maruti
552,Maruti Suzuki Wagon,392099,29297, Petrol ,2015,Maruti
553,Maruti Suzuki Wagon,354599,53525, Petrol ,2012,Maruti
554,Honda Amaze -,719599,15890, Petrol ,2018,Honda
555,Honda WR V,834099,31694, Petrol ,2019,Honda
556,Maruti Suzuki Alto,365899,36279, Petrol ,2017,Maruti
557,Hyundai i10 Sportz,400899,33349, Petrol ,2015,Hyundai
558,Toyota Etios Liva,320199,103182, Petrol ,2012,Toyota
559,Hyundai Xcent S,457399,63048, Petrol ,2016,Hyundai
560,Maruti Suzuki Baleno,717699,26358, Petrol ,2017,Maruti
561,Maruti Suzuki Wagon,417299,18932, Petrol ,2017,Maruti
562,Maruti Suzuki Alto,323199,20369, Petrol ,2018,Maruti
563,Honda Jazz 1.2,633999,58769, Petrol ,2016,Honda
564,Ford EcoSport Trend,600000,52000, Diesel,2016,Ford
565,Volkswagen Polo Highline,795000,15000, Petrol,2019,Volkswagen
566,Maruti Suzuki Vitara,1000000,70000, Diesel,2019,Maruti
567,Hyundai i20 Asta,385000,52000, Petrol,2012,Hyundai
568,Hyundai i20 Asta,395000,32000, Petrol,2013,Hyundai
569,Toyota Fortuner 3.0,1750000,155000, Diesel,2015,Toyota
570,Maruti Suzuki Swift,600000,50000, Petrol,2017,Maruti
571,Mahindra Verito Executive,330000,120000, Diesel,2015,Mahindra
572,Hyundai Creta 1.6,875999,123920, Diesel ,2017,Hyundai
573,Hyundai EON -,309399,17900, Petrol ,2016,Hyundai
574,Maruti Suzuki Baleno,658999,31041, Petrol ,2017,Maruti
575,Maruti Suzuki Wagon,514099,61875, Petrol ,2018,Maruti
576,Hyundai Elite i20,672899,29210, Petrol ,2016,Hyundai
577,Mahindra TUV300 -,620099,35826, Diesel ,2016,Mahindra
578,Ford Freestyle -,733999,29364, Petrol ,2019,Ford
579,Renault Triber -,664699,16304, Petrol ,2021,Renault
580,Maruti Suzuki Swift,454299,95731, Petrol ,2015,Maruti
581,Maruti Suzuki Swift,357499,31011, Petrol ,2010,Maruti
582,Maruti Suzuki Swift,447599,30601, Petrol ,2014,Maruti
583,Maruti Suzuki S,422299,14568, Petrol ,2019,Maruti
584,Toyota Etios V,449699,89559, Petrol ,2012,Toyota
585,Hyundai Grand i10,493499,48834, Petrol ,2014,Hyundai
586,Hyundai Elite i20,605699,74190, Diesel ,2014,Hyundai
587,Ford EcoSport Titanium,755099,43077, Petrol ,2016,Ford
588,Maruti Suzuki Swift,490000,58000, Petrol,2015,Maruti
589,Honda City 1.5,450000,99000, Petrol,2011,Honda
590,Tata Indigo CS,160000,88500, Diesel,2009,Tata
591,Chevrolet Beat LT,215000,85000, Diesel,2012,Chevrolet
592,Honda City ZX,1150000,29000, Petrol,2019,Honda
593,Maruti Suzuki Wagon,349000,65000, Petrol,2015,Maruti
594,MG Motors Hector,1401000,16000, Petrol ,2020,MG
595,MG Motors Hector,1401000,16000, Petrol ,2020,MG
596,Maruti Suzuki Eeco,432699,17981, Petrol ,2018,Maruti
597,Maruti Suzuki Eeco,418599,20780, Petrol ,2018,Maruti
598,Maruti Suzuki Alto,275799,56719, Petrol ,2014,Maruti
599,Maruti Suzuki Wagon,456199,31108, Petrol ,2015,Maruti
600,Honda City -,728499,33611, Petrol ,2016,Honda
601,Maruti Suzuki Alto,431599,43700, Petrol ,2019,Maruti
602,Maruti Suzuki Ignis,533099,49920, Petrol ,2017,Maruti
603,Maruti Suzuki Swift,451399,57338, Petrol ,2014,Maruti
604,Hyundai Venue S,840699,23096, Petrol ,2020,Hyundai
605,Maruti Suzuki Swift,486499,48732, Petrol ,2016,Maruti
606,Honda City -,450199,67924, Petrol ,2012,Honda
607,Maruti Suzuki Wagon,418999,30418, Petrol ,2014,Maruti
608,Honda City -,621299,50593, Petrol ,2014,Honda
609,Hyundai i20 Active,508399,136381, Petrol ,2016,Hyundai
610,Maruti Suzuki Celerio,390999,46943, Petrol ,2015,Maruti
611,Maruti Suzuki Swift,675099,36277, Petrol ,2017,Maruti
612,BMW X5 xDrive30d,3600000,110000, Diesel,2014,BMW
613,Kia Seltos HTX,1501000,5600, Diesel ,2021,Kia
614,Maruti Suzuki Swift,825000,44000, Diesel,2019,Maruti
615,Maruti Suzuki Ertiga,1100000,40000, Petrol,2019,Maruti
616,Kia Seltos HTX,1501000,5600, Diesel ,2021,Kia
617,Maruti Suzuki Wagon,130000,45000, Petrol ,2007,Maruti
618,Toyota Etios GD,325000,150000, Diesel,2012,Toyota
619,Tata Indigo CS,210000,90000, Diesel,2016,Tata
620,Hyundai Xcent -,464199,70359, Diesel ,2015,Hyundai
621,Hyundai EON Era,343999,42205, Petrol ,2017,Hyundai
622,Nissan Micra -,441499,60539, Petrol ,2015,Nissan
623,Maruti Suzuki Dzire,684999,16533, Petrol ,2019,Maruti
624,Volkswagen Polo -,815399,26596, Petrol ,2017,Volkswagen
625,Hyundai Grand i10,468999,30912, Petrol ,2016,Hyundai
626,Hyundai Venue -,1194799,17951, Diesel ,2019,Hyundai
627,Volkswagen Polo -,599899,36928, Petrol ,2015,Volkswagen
628,Maruti Suzuki Dzire,710199,22854, Petrol ,2018,Maruti
629,Hyundai i20 -,474399,89156, Petrol ,2014,Hyundai
630,Maruti Suzuki Baleno,701399,41999, Petrol ,2019,Maruti
631,Honda City -,834599,66145, Petrol ,2017,Honda
632,Maruti Suzuki Alto,333699,29157, Petrol ,2017,Maruti
633,Hyundai EON Era,349799,33882, Petrol ,2017,Hyundai
634,Hyundai EON Era,286199,29379, Petrol ,2013,Hyundai
635,Maruti Suzuki Alto,386699,17352, Petrol ,2019,Maruti
636,Toyota Fortuner 3.0,1050000,195000, Diesel,2011,Toyota
637,Maruti Suzuki Swift,695000,16189, Petrol,2020,Maruti
638,Maruti Suzuki Swift,695000,41341, Diesel,2018,Maruti
639,Tata Tiago Revotorq,550000,62000, Diesel,2019,Tata
640,Hyundai Creta 1.6,1300000,19000, Diesel ,2021,Hyundai
641,Maruti Suzuki Ritz,225000,56000, Petrol,2011,Maruti
642,Maruti Suzuki Wagon,250000,91000, Petrol,2010,Maruti
643,Renault Triber -,659199,13486, Petrol ,2019,Renault
644,Hyundai Grand i10,572599,33562, Petrol ,2018,Hyundai
645,Hyundai Verna -,1171199,13691, Petrol ,2018,Hyundai
646,Hyundai Grand i10,557199,31980, Petrol ,2017,Hyundai
647,Hyundai Grand i10,531399,69526, Petrol ,2016,Hyundai
648,Maruti Suzuki Alto,426199,21492, Petrol ,2016,Maruti
649,Maruti Suzuki Celerio,432999,47425, Petrol ,2016,Maruti
650,Hyundai Grand i10,458399,40988, Petrol ,2016,Hyundai
651,Jeep Compass -,1465199,51983, Diesel ,2018,Jeep
652,Maruti Suzuki Vitara,783099,69376, Diesel ,2018,Maruti
653,Maruti Suzuki Swift,562399,33094, Petrol ,2017,Maruti
654,Tata Tiago -,529199,26237, Petrol ,2017,Tata
655,Honda Brio -,447199,42415, Petrol ,2015,Honda
656,Hyundai Creta -,944099,112308, Diesel ,2016,Hyundai
657,Maruti Suzuki Celerio,452099,61427, Petrol ,2017,Maruti
658,MG Motors Hector,1917599,10205, Diesel ,2019,MG
659,Maruti Suzuki Alto,179000,67000, Petrol,2011,Maruti
660,Toyota Innova 2.5,775000,160000, Diesel,2010,Toyota
661,Maruti Suzuki Ertiga,425000,53000, Diesel,2013,Maruti
662,Maruti Suzuki Swift,550000,59888, Petrol,2017,Maruti
663,Maruti Suzuki Ciaz,795000,58492, Petrol ,2018,Maruti
664,Honda City 1.5,350888,45000, Petrol ,2011,Honda
665,Maruti Suzuki Swift,275000,48000, Diesel,2012,Maruti
666,Tata Nexon XZ,890000,34000, Petrol,2018,Tata
667,Maruti Suzuki Swift,580599,75691, Diesel ,2017,Maruti
668,Maruti Suzuki Alto,223299,84301, Petrol ,2013,Maruti
669,Tata Tiago -,600399,38346, Petrol ,2019,Tata
670,Maruti Suzuki Alto,367399,41530, Petrol ,2017,Maruti
671,Ford Ecosport -,704099,23049, Petrol ,2017,Ford
672,Maruti Suzuki Wagon,377899,74510, Petrol ,2016,Maruti
673,Maruti Suzuki Wagon,458699,20141, Petrol ,2016,Maruti
674,Ford Ecosport -,566199,85860, Petrol ,2015,Ford
675,Maruti Suzuki Swift,594599,63133, Diesel ,2017,Maruti
676,Maruti Suzuki Dzire,678699,71894, Petrol ,2018,Maruti
677,Renault Duster -,883099,95627, Diesel ,2017,Renault
678,Ford Ecosport -,578099,75324, Diesel ,2014,Ford
679,Maruti Suzuki Alto,305899,64611, Petrol ,2015,Maruti
680,Maruti Suzuki Celerio,457399,77128, Petrol ,2016,Maruti
681,Maruti Suzuki Alto,316799,36306, Petrol ,2016,Maruti
682,Hyundai i20 Asta,399999,83803, Petrol ,2011,Hyundai
683,Mahindra XUV 500,1100000,44000, Diesel ,2018,Mahindra
684,Mahindra KUV100 K4,325000,108000, Diesel,2018,Mahindra
685,Hyundai i20 Era,550000,55000, Diesel,2018,Hyundai
686,Honda City 1.5,990888,700, Petrol ,2020,Honda
687,Mahindra Jeep CL,480000,25, Diesel,2020,Mahindra
688,Maruti Suzuki Gypsy,500000,258, Petrol,2018,Maruti
689,Maruti Suzuki Swift,390000,81152, Diesel,2011,Maruti
690,Toyota Fortuner 3.0,1750000,155000, Diesel,2015,Toyota
691,Hyundai i20 Asta,399999,83803, Petrol ,2011,Hyundai
692,Hyundai Creta 1.6,841499,75398, Petrol ,2017,Hyundai
693,Honda City ZX,1016899,42317, Petrol ,2017,Honda
694,Maruti Suzuki Swift,748599,60214, Diesel ,2018,Maruti
695,Maruti Suzuki Swift,622099,58861, Diesel ,2017,Maruti
696,Volkswagen Polo -,530699,27995, Petrol ,2016,Volkswagen
697,Maruti Suzuki Celerio,471899,61018, Petrol ,2017,Maruti
698,Maruti Suzuki Swift,505399,67109, Petrol ,2015,Maruti
699,Maruti Suzuki Wagon,460299,81811, Petrol ,2017,Maruti
700,Hyundai Verna 1.6,683999,27357, Petrol ,2017,Hyundai
701,Volkswagen Polo HIGHLINE1.2L,639699,53293, Petrol ,2018,Volkswagen
702,Maruti Suzuki Celerio,510499,45260, Petrol ,2017,Maruti
703,Hyundai Venue -,1185499,3139, Petrol ,2019,Hyundai
704,Maruti Suzuki Celerio,471899,44690, Petrol ,2017,Maruti
705,Hyundai Santro ASTA,579899,13858, Petrol ,2019,Hyundai
706,Maruti Suzuki Alto,333699,25256, Petrol ,2017,Maruti
707,Hyundai i20 Magna,385000,94000, Diesel,2012,Hyundai
708,Maruti Suzuki Ciaz,590000,44100, Hybrid ,2016,Maruti
709,Honda Amaze 1.2,375888,47000, Petrol ,2016,Honda
710,Hyundai Santa Fe,775000,126000, Diesel,2012,Hyundai
711,Mahindra XUV 500,778888,46000, Diesel ,2015,Mahindra
712,Audi Q5 2.0,1850000,75000, Diesel,2014,Audi
713,Volvo XC60 D3,1750000,86000, Diesel ,2012,Volvo
714,Volkswagen Polo COMFORTLINE,582899,15227, Petrol ,2017,Volkswagen
715,Volkswagen Polo -,414099,87375, Diesel ,2014,Volkswagen
716,Maruti Suzuki Eeco,516599,7679, Petrol ,2020,Maruti
717,Maruti Suzuki Alto,366299,48378, Petrol ,2016,Maruti
718,Maruti Suzuki Wagon,375899,54645, Petrol ,2014,Maruti
719,Maruti Suzuki Eeco,493899,7211, Petrol ,2019,Maruti
720,Datsun Redi GO,311399,37217, Petrol ,2017,Datsun
721,Maruti Suzuki Eeco,493899,32372, Petrol ,2019,Maruti
722,Maruti Suzuki Wagon,501999,37947, Petrol ,2018,Maruti
723,Hyundai Grand i10,409399,51886, Petrol ,2014,Hyundai
724,Toyota Innova Crysta,1737899,43187, Diesel ,2018,Toyota
725,Hyundai i20 Active,583999,33616, Diesel ,2015,Hyundai
726,Volkswagen Vento -,654299,91087, Diesel ,2015,Volkswagen
727,Ford Ecosport -,986699,26372, Petrol ,2018,Ford
728,Maruti Suzuki Celerio,414199,58762, Petrol ,2014,Maruti
729,Hyundai Elite i20,588099,101920, Diesel ,2016,Hyundai
730,Maruti Suzuki Swift,490000,44000, Petrol,2014,Maruti
731,Mahindra Scorpio 2.6,225000,85000, Diesel,2007,Mahindra
732,Maruti Suzuki Vitara,775000,64000, Diesel,2017,Maruti
733,Kia Sonet -,1050000,13000, Diesel,2021,Kia
734,Honda Amaze 1.5,425000,76000, Diesel,2015,Honda
735,Maruti Suzuki Alto,275000,45000, Petrol,2015,Maruti
736,Tata Nexon XZ,875000,63088, Diesel,2019,Tata
737,Maruti Suzuki Alto,250000,54123, Petrol,2013,Maruti
738,Hyundai i20 Active,567399,35140, Petrol ,2015,Hyundai
739,Maruti Suzuki Ciaz,805099,50842, Diesel ,2018,Maruti
740,Honda Amaze -,492199,43412, Petrol ,2015,Honda
741,Honda Jazz -,495799,46201, Petrol ,2016,Honda
742,Maruti Suzuki S,1113599,63626, Diesel ,2017,Maruti
743,Maruti Suzuki Alto,299999,18251, Petrol ,2016,Maruti
744,Maruti Suzuki Baleno,592099,41019, Petrol ,2016,Maruti
745,Renault Kwid RXT,322299,46463, Petrol ,2015,Renault
746,Renault Kwid -,481999,20110, Petrol ,2017,Renault
747,Hyundai Grand i10,534599,17364, Petrol ,2016,Hyundai
748,MG Motors Hector,1681899,6760, Petrol ,2020,MG
749,Maruti Suzuki Celerio,429599,35109, Petrol ,2016,Maruti
750,Honda Amaze -,723799,44266, Petrol ,2018,Honda
751,Volkswagen Polo -,563299,39156, Petrol ,2017,Volkswagen
752,Maruti Suzuki Alto,214199,57993, Petrol ,2011,Maruti
753,Maruti Suzuki Alto,319399,51573, Petrol ,2015,Maruti
754,Fiat Punto Emotion,180000,88000, Petrol,2011,Fiat
755,Hyundai i20 Sportz,415000,67000, Petrol,2014,Hyundai
756,Maruti Suzuki Swift,350000,73000, Diesel,2011,Maruti
757,Hyundai Elite i20,430000,39000, Petrol,2015,Hyundai
758,Mahindra XUV 500,450000,87500, Diesel,2012,Mahindra
759,Honda Accord 2.4,325000,86000, Petrol,2006,Honda
760,Hyundai Grand i10,565000,19900, Petrol,2017,Hyundai
761,Nissan Terrano XV,880000,22000, Diesel,2013,Nissan
762,Maruti Suzuki Vitara,810399,78329, Diesel ,2016,Maruti
763,Maruti Suzuki Ertiga,788999,61977, Diesel ,2016,Maruti
764,Mahindra KUV100 K6,508799,58640, Diesel ,2016,Mahindra
765,Renault Kwid -,457099,40650, Petrol ,2018,Renault
766,Volkswagen Polo -,612899,19121, Petrol ,2019,Volkswagen
767,Ford Ecosport -,684099,85893, Diesel ,2016,Ford
768,Renault Triber -,716699,9874, Petrol ,2019,Renault
769,Hyundai Grand i10,501599,25202, Petrol ,2016,Hyundai
770,Hyundai Grand i10,509699,95999, Petrol ,2016,Hyundai
771,Maruti Suzuki Alto,337799,49074, Petrol ,2014,Maruti
772,Hyundai Verna 1.6,852399,52439, Petrol ,2017,Hyundai
773,Mahindra XUV 500,1784699,10813, Diesel ,2020,Mahindra
774,Hyundai Creta -,778199,127971, Petrol ,2016,Hyundai
775,Maruti Suzuki Swift,705099,114108, Diesel ,2018,Maruti
776,Hyundai Grand i10,557599,52030, Diesel ,2017,Hyundai
777,Mahindra XUV 500,1518099,44721, Diesel ,2018,Mahindra
778,Mahindra Marazzo M6,1190000,50000, Diesel,2018,Mahindra
779,Skoda Laura Ambition,590000,95000, Diesel,2011,Skoda
780,Tata Harrier XZ,1980000,17000, Diesel,2020,Tata
781,Mahindra XUV 500,1350000,52500, Diesel,2018,Mahindra
782,BMW 5 Series,1059000,49000, Petrol ,2010,BMW
783,Maruti Suzuki Alto,185000,55000, Petrol ,2011,Maruti
784,Mahindra Scorpio 2.6,710000,81500, Diesel,2014,Mahindra
785,Mercedes Benz E,1948888,10000, Diesel ,2013,Mercedes
786,Tata Harrier -,2272499,22667, Diesel ,2020,Tata
787,Honda City -,626199,68519, Petrol ,2014,Honda
788,Tata Nano -,236099,64011, Petrol ,2015,Tata
789,Maruti Suzuki Alto,430499,13598, Petrol ,2021,Maruti
790,Maruti Suzuki Wagon,442799,47037, Petrol ,2014,Maruti
791,Hyundai Creta -,1373699,69711, Petrol ,2018,Hyundai
792,Hyundai Elite i20,589299,49189, Petrol ,2015,Hyundai
793,Maruti Suzuki Alto,298199,18368, Petrol ,2016,Maruti
794,Tata Harrier -,1508799,16874, Diesel ,2020,Tata
795,Maruti Suzuki Eeco,473699,24484, Petrol ,2019,Maruti
796,Maruti Suzuki Baleno,656299,20688, Petrol ,2019,Maruti
797,Maruti Suzuki Alto,345799,24065, Petrol ,2016,Maruti
798,Hyundai Grand i10,584599,22609, Petrol ,2018,Hyundai
799,Skoda Rapid -,786799,56523, Diesel ,2017,Skoda
800,Hyundai Elite i20,624799,48031, Petrol ,2018,Hyundai
801,Hyundai Grand i10,472399,45578, Petrol ,2016,Hyundai
802,Hyundai Fluidic Verna,408888,70070, Diesel ,2012,Hyundai
803,Hyundai i10 Magna,288888,28000, Petrol ,2015,Hyundai
804,Chevrolet Sail 1.2,198888,30030, Diesel ,2013,Chevrolet
805,Ford Endeavor 4X4,898888,25000, Diesel ,2011,Ford
806,BMW 3 Series,1148888,8000, Diesel ,2013,BMW
807,Chevrolet Spark -,79000,53000, Petrol,2010,Chevrolet
808,Honda City -,97000,68000, Petrol,2007,Honda
809,Hyundai Santro GLS,135000,58000, Petrol,2007,Hyundai
810,Hyundai Elite i20,687199,28648, Petrol ,2016,Hyundai
811,Hyundai i10 Magna,387099,59819, Petrol ,2015,Hyundai
812,Maruti Suzuki Baleno,650599,19574, Petrol ,2018,Maruti
813,Tata Hexa -,1705799,46337, Diesel ,2019,Tata
814,Volkswagen Polo -,526899,73563, Petrol ,2015,Volkswagen
815,Honda Jazz -,612799,51428, Petrol ,2016,Honda
816,Maruti Suzuki Alto,269099,95754, Petrol ,2016,Maruti
817,Tata Hexa -,1952199,34533, Diesel ,2019,Tata
818,Maruti Suzuki Baleno,646299,50154, Petrol ,2016,Maruti
819,Maruti Suzuki Celerio,425899,23492, Petrol ,2016,Maruti
820,Maruti Suzuki Celerio,496399,37739, Petrol ,2017,Maruti
821,Maruti Suzuki Celerio,393799,46178, Petrol ,2015,Maruti
822,Maruti Suzuki Baleno,619599,42893, Petrol ,2017,Maruti
823,Maruti Suzuki Alto,423599,57875, Petrol + CNG ,2019,Maruti
824,Hyundai Venue -,831999,4832, Petrol ,2020,Hyundai
825,Renault Triber -,695099,27805, Petrol ,2019,Renault
826,Hyundai Xcent S,390000,71000, Diesel ,2014,Hyundai
827,Toyota Fortuner 3.0,1350000,140000, Diesel,2013,Toyota
828,Toyota Innova 2.5,1350000,70000, Diesel,2014,Toyota
829,Honda City ZX,250000,75000, Petrol,2008,Honda
830,Maruti Suzuki Alto,145000,57000, Petrol,2009,Maruti
831,Maruti Suzuki Vitara,980000,57000, Diesel,2018,Maruti
832,Hyundai Creta 1.4,980000,91000, Diesel,2018,Hyundai
833,Hyundai i10 Sportz,195000,86000, Petrol,2009,Hyundai
834,Maruti Suzuki Alto,261499,68844, Petrol ,2013,Maruti
835,Honda Jazz -,649699,37070, Petrol ,2017,Honda
836,Hyundai Grand i10,494099,20393, Petrol ,2017,Hyundai
837,Maruti Suzuki Alto,313399,22244, Petrol ,2017,Maruti
838,Toyota Fortuner -,2122099,47024, Diesel ,2016,Toyota
839,Hyundai Elite i20,552799,64707, Petrol ,2015,Hyundai
840,Ford Ecosport -,490099,52149, Petrol ,2013,Ford
841,Hyundai Grand i10,638599,11203, Petrol ,2017,Hyundai
842,Maruti Suzuki Alto,374799,18071, Petrol ,2015,Maruti
843,Hyundai Elite i20,517499,81412, Petrol ,2016,Hyundai
844,Maruti Suzuki Swift,553899,41912, Petrol ,2016,Maruti
845,Maruti Suzuki Swift,579199,32516, Petrol ,2016,Maruti
846,Hyundai Grand i10,531999,41552, Petrol ,2015,Hyundai
847,Hyundai Grand i10,496199,21790, Petrol ,2018,Hyundai
848,Maruti Suzuki Baleno,659099,34010, Petrol ,2019,Maruti
849,Hyundai Elite i20,534799,50050, Petrol ,2016,Hyundai
850,Maruti Suzuki Ertiga,950000,2000, Petrol,2019,Maruti
851,Maruti Suzuki Swift,265000,71000, Petrol,2010,Maruti
852,Hyundai i20 Asta,650000,52000, Diesel,2015,Hyundai
853,Maruti Suzuki Swift,650000,35000, Petrol,2018,Maruti
854,Renault Kwid RXT,290000,41000, Petrol,2016,Renault
855,Tata Indigo LX,74999,125000, Diesel,2003,Tata
856,Maruti Suzuki Alto,155000,85000, Petrol,2006,Maruti
857,Chevrolet Optra -,69000,85000, Petrol,2005,Chevrolet
858,Hyundai Grand i10,496199,21790, Petrol ,2018,Hyundai
859,Maruti Suzuki Wagon,298599,75822, Petrol ,2011,Maruti
860,Tata Tiago -,490199,28589, Petrol ,2016,Tata
861,Renault Kwid -,422999,15883, Petrol ,2017,Renault
862,Hyundai Elite i20,656399,63648, Petrol ,2016,Hyundai
863,Maruti Suzuki Vitara,688599,156931, Diesel ,2016,Maruti
864,Maruti Suzuki XL6,1113299,13829, Petrol ,2019,Maruti
865,Maruti Suzuki Baleno,608399,28361, Petrol ,2016,Maruti
866,Hyundai Grand i10,587399,77960, Petrol ,2017,Hyundai
867,Maruti Suzuki Celerio,449699,33473, Petrol ,2015,Maruti
868,Maruti Suzuki Eeco,464899,29052, Petrol ,2019,Maruti
869,Maruti Suzuki Alto,302699,68041, Petrol ,2017,Maruti
870,Maruti Suzuki Baleno,583299,61361, Petrol ,2015,Maruti
871,Honda BRV -,877999,32218, Petrol ,2018,Honda
872,Hyundai i10 Magna,398499,28579, Petrol ,2016,Hyundai
873,Hyundai Grand i10,529399,51343, Petrol ,2017,Hyundai
874,Chevrolet Optra -,69000,85000, Petrol,2005,Chevrolet
875,Honda City 1.5,700000,86868, Petrol,2016,Honda
876,Hyundai Accent -,79000,85000, Petrol,2002,Hyundai
877,Maruti Suzuki Swift,390000,77000, Petrol,2012,Maruti
878,Honda City V,950000,35500, Petrol ,2017,Honda
879,Toyota Glanza G,725000,19942, Petrol,2019,Toyota
880,Hyundai i20 Sportz,439000,16000, Petrol ,2012,Hyundai
881,Honda City ZX,1069999,54000, CNG ,2018,Honda
882,Renault Kwid RxL,422299,17357, Petrol ,2019,Renault
883,Ford Figo Aspire,589999,14517, Petrol ,2017,Ford
884,Maruti Suzuki Baleno,661299,13517, Petrol ,2017,Maruti
885,Maruti Suzuki Wagon,429099,42302, Petrol ,2017,Maruti
886,Maruti Suzuki Celerio,389399,65783, Petrol ,2015,Maruti
887,Renault Lodgy -,629799,138716, Diesel ,2015,Renault
888,Hyundai i10 Sportz,397299,43339, Petrol ,2013,Hyundai
889,Maruti Suzuki Ignis,546399,19526, Petrol ,2018,Maruti
890,Maruti Suzuki Alto,412999,25673, Petrol ,2016,Maruti
891,Maruti Suzuki Celerio,402799,93304, Petrol ,2016,Maruti
892,Hyundai Creta -,915699,94409, Diesel ,2019,Hyundai
893,Maruti Suzuki Celerio,361499,66799, Petrol,2014,Maruti
894,Hyundai EON -,357899,27339, Petrol ,2016,Hyundai
895,Renault Kwid -,475399,9095, Petrol ,2018,Renault
896,Maruti Suzuki Eeco,485299,21934, Petrol ,2019,Maruti
897,Maruti Suzuki Baleno,643599,51706, Petrol ,2016,Maruti
898,Honda City ZX,1069999,54000, CNG ,2018,Honda
899,Honda City ZX,1069999,54000, CNG ,2018,Honda
900,Honda City ZX,1069999,54000, CNG ,2018,Honda
901,Hyundai i20 Asta,255000,90000, Petrol,2009,Hyundai
902,Tata Hexa -,1500000,85000, Diesel,2019,Tata
903,Mahindra XUV 500,650000,89000, Diesel,2014,Mahindra
904,Hyundai Santro Xing,175000,45000, Petrol,2010,Hyundai
905,Honda WRV VX,735000,34000, Petrol ,2018,Honda
906,Maruti Suzuki Wagon,438199,31281, Petrol ,2018,Maruti
907,Honda City -,924599,46312, Petrol ,2019,Honda
908,Hyundai Elite i20,664099,32989, Petrol ,2018,Hyundai
909,Renault Kwid -,462299,50599, Petrol ,2018,Renault
910,Honda Brio -,438499,26127, Petrol ,2016,Honda
911,Maruti Suzuki Vitara,680999,58118, Diesel ,2016,Maruti
912,Maruti Suzuki Alto,393199,23534, Petrol ,2019,Maruti
913,Maruti Suzuki Baleno,646799,58978, Petrol ,2018,Maruti
914,Maruti Suzuki Wagon,349999,33103, Petrol ,2014,Maruti
915,Maruti Suzuki Eeco,419599,14600, Petrol ,2018,Maruti
916,Maruti Suzuki Baleno,585099,26049, Petrol ,2016,Maruti
917,Ford Freestyle -,627799,33895, Diesel ,2018,Ford
918,Volkswagen Polo -,520799,32893, Petrol ,2017,Volkswagen
919,Maruti Suzuki Swift,410199,61717, Petrol ,2013,Maruti
920,Maruti Suzuki Wagon,404399,82334, Petrol ,2017,Maruti
921,Hyundai Verna -,682799,87381, Petrol ,2017,Hyundai
922,Land Rover Range,4490000,51000, Diesel,2017,Land
923,Honda City ZX,150000,85000, Petrol,2008,Honda
924,Porsche Cayenne Select,3300000,38000, Electric ,2011,Porsche
925,Toyota Innova 2.5,1175000,210000, Diesel ,2013,Toyota
926,Maruti Suzuki Ciaz,975000,24200, Petrol,2019,Maruti
927,MG Motors Hector,2000000,28000, Diesel,2021,MG
928,Mahindra Bolero ZLX,535000,135000, Diesel,2012,Mahindra
929,Ford Ecosport -,1045799,34642, Petrol ,2019,Ford
930,Maruti Suzuki Swift,410199,154104, Petrol ,2013,Maruti
931,Maruti Suzuki Alto,297299,61826, Petrol ,2016,Maruti
932,Tata Nexon -,980199,44751, Diesel ,2018,Tata
933,Honda Jazz -,794299,5183, Petrol ,2019,Honda
934,Maruti Suzuki Swift,411899,136082, Diesel ,2012,Maruti
935,Maruti Suzuki Celerio,557399,5817, Petrol ,2019,Maruti
936,Hyundai Creta -,896099,99138, Diesel ,2015,Hyundai
937,Honda Jazz -,637699,27936, Petrol ,2016,Honda
938,Maruti Suzuki Alto,254499,39845, Petrol ,2014,Maruti
939,Maruti Suzuki Eeco,457699,15615, Petrol ,2019,Maruti
940,Honda Brio -,361599,53158, Petrol ,2012,Honda
941,Maruti Suzuki Baleno,675799,16002, Petrol ,2019,Maruti
942,Maruti Suzuki Wagon,389499,31133, Petrol ,2015,Maruti
943,Maruti Suzuki Baleno,625599,20172, Petrol ,2016,Maruti
944,Volkswagen Polo -,686999,69653, Petrol ,2013,Volkswagen
945,Maruti Suzuki Celerio,425000,75000, Petrol,2015,Maruti
946,Renault Pulse RxL,350000,132000, Diesel,2012,Renault
947,Skoda Rapid 1.5,560000,84000, Diesel,2014,Skoda
948,Maruti Suzuki SX4,250000,147000, Petrol,2007,Maruti
949,Hyundai Santro GLS,90000,61000, Petrol,2008,Hyundai
950,Hyundai i10 Era,200000,56000, Petrol,2012,Hyundai
951,Mahindra KUV100 K4,325000,108000, Diesel,2018,Mahindra
952,Hyundai i20 Era,620000,55000, Diesel,2018,Hyundai
953,Volkswagen Ameo Comfortline,519699,26023, Petrol ,2017,Volkswagen
954,Maruti Suzuki Alto,324599,19805, Petrol ,2018,Maruti
955,Maruti Suzuki Alto,340199,41365, Petrol ,2017,Maruti
956,Ford Ecosport -,693999,90001, Diesel ,2017,Ford
957,Hyundai EON Era,310999,45285, Petrol ,2016,Hyundai
958,Maruti Suzuki Ciaz,722199,42441, Petrol ,2016,Maruti
959,Maruti Suzuki Celerio,485099,24342, Petrol ,2016,Maruti
960,Maruti Suzuki Dzire,614999,14308, Petrol ,2017,Maruti
961,Maruti Suzuki Vitara,1061399,32456, Diesel ,2018,Maruti
962,Maruti Suzuki S,879699,58448, Diesel ,2018,Maruti
963,Maruti Suzuki Ertiga,755199,86576, Diesel ,2016,Maruti
964,Ford Ecosport -,816399,50421, Petrol ,2018,Ford
965,Maruti Suzuki Eeco,414299,26035, Petrol ,2017,Maruti
966,Tata Tiago -,476299,23499, Petrol ,2018,Tata
967,Maruti Suzuki Baleno,572599,25636, Petrol ,2016,Maruti
968,Kia Seltos -,1644799,15023, Petrol ,2019,Kia
969,Mahindra Jeep CL550,440000,250, Diesel,2020,Mahindra
970,Volkswagen Vento Highline,575000,66000, Petrol,2015,Volkswagen
971,Toyota Innova 2.5,880000,85000, Diesel,2015,Toyota
972,Kia Carnival -,1500000,50000, Diesel ,2020,Kia
973,Hyundai Creta -,1000000,12000, Petrol ,2021,Hyundai
974,Chevrolet Beat -,86000,56000, Petrol,2011,Chevrolet
975,Maruti Suzuki Wagon,89000,53000, Petrol,2010,Maruti
976,Tata Nano CNG,90000,28000, Petrol,2014,Tata
977,Maruti Suzuki Alto,352199,22584, Petrol ,2015,Maruti
978,Maruti Suzuki Baleno,566899,22394, Petrol ,2017,Maruti
979,Maruti Suzuki Dzire,650699,93563, Diesel ,2017,Maruti
980,Maruti Suzuki Eeco,413399,10537, Petrol ,2017,Maruti
981,Ford Ecosport -,645799,81515, Diesel ,2016,Ford
982,Jeep Compass -,1551499,24676, Diesel ,2017,Jeep
983,Maruti Suzuki Alto,333699,11917, Petrol ,2017,Maruti
984,Maruti Suzuki Ertiga,811799,69654, Diesel ,2016,Maruti
985,Maruti Suzuki Alto,406899,16226, Petrol ,2017,Maruti
986,Ford Ecosport -,727299,8925, Petrol ,2018,Ford
987,Honda Jazz -,657399,27819, Petrol ,2016,Honda
988,Hyundai Grand i10,637599,26543, Petrol ,2020,Hyundai
989,Maruti Suzuki Dzire,623799,90088, Petrol ,2017,Maruti
990,Maruti Suzuki Eeco,422899,34258, Petrol ,2018,Maruti
991,Hyundai i20 Active,576099,101744, Petrol ,2015,Hyundai
992,Jeep Compass -,1987699,19830, Petrol ,2019,Jeep
993,Ford Ikon -,39000,73000, Petrol,2007,Ford
994,Hyundai Grand i10,475000,38000, Diesel,2019,Hyundai
995,Mahindra XUV 500,450000,87500, Diesel,2012,Mahindra
996,Maruti Suzuki Ertiga,650000,91000, Diesel,2014,Maruti
997,Maruti Suzuki Ritz,326000,76000, Diesel,2012,Maruti
998,Tata Indica Vista,170000,80000, Diesel,2011,Tata
999,Maruti Suzuki Eeco,250000,70000, CNG,2013,Maruti
1000,Maruti Suzuki Alto,88000,85000, Petrol,2007,Maruti
1001,MG Motors Hector,1652199,13636, Petrol ,2019,MG
1002,Hyundai Venue -,1217499,21393, Petrol ,2019,Hyundai
1003,Hyundai Creta -,1198299,76915, Diesel ,2017,Hyundai
1004,Hyundai Grand i10,590799,16300, Petrol ,2018,Hyundai
1005,Hyundai Elite i20,844999,40106, Diesel ,2019,Hyundai
1006,Renault Kwid RXT,328499,66461, Petrol ,2015,Renault
1007,Hyundai Creta -,769599,48182, Petrol ,2016,Hyundai
1008,Hyundai Elite i20,654299,41816, Petrol ,2017,Hyundai
1009,Hyundai i20 -,395699,73841, Petrol ,2012,Hyundai
1010,Renault Kwid RxL,294799,19908, Petrol ,2016,Renault
1011,Hyundai Elite i20,534499,26226, Petrol ,2018,Hyundai
1012,Maruti Suzuki Baleno,681399,43287, Petrol ,2016,Maruti
1013,Datsun Redi GO,415699,26527, Petrol ,2018,Datsun
1014,Maruti Suzuki Alto,300199,37801, Petrol ,2017,Maruti
1015,Maruti Suzuki Vitara,856699,54044, Diesel ,2017,Maruti
1016,Ford Figo Aspire,481399,29632, Petrol ,2017,Ford
1017,Mahindra Xylo D2,375000,115000, Diesel,2009,Mahindra
1018,Maruti Suzuki Eeco,525000,13000, Petrol,2020,Maruti
1019,Maruti Suzuki Swift,550000,42000, Diesel,2018,Maruti
1020,Hyundai i10 Magna,229000,65000, Petrol ,2014,Hyundai
1021,Maruti Suzuki Alto,275000,60000, Petrol,2014,Maruti
1022,Jeep Compass Limited,1750000,31000, Diesel ,2017,Jeep
1023,Jeep Compass Limited,1750000,31000, Diesel ,2017,Jeep
1024,Jeep Compass Limited,1750000,31000, Diesel ,2017,Jeep
